id,sptn,kode_resor,resor,indikator,kegiatan,target,satuan,metode,keterangan
R1-01,SPTN Wilayah I Kore,R1/SPTNI/T41,Resor Piong,Perlindungan dan Pengamanan Kawasan,SMART Patrol Rawan TIPIHUT,12,Kegiatan,jumlah,
R1-02,SPTN Wilayah I Kore,R1/SPTNI/T41,Resor Piong,Perlindungan dan Pengamanan Kawasan,SMART Patrol Karhutla,8,Kegiatan,jumlah,
R1-03,SPTN Wilayah I Kore,R1/SPTNI/T41,Resor Piong,Perlindungan dan Pengamanan Kawasan,SMART Patrol Gabungan,2,Kegiatan,jumlah,
R1-04,SPTN Wilayah I Kore,R1/SPTNI/T41,Resor Piong,Penyuluhan dan Pemberdayaan Masyarakat,Sosialisasi dan Anjangsana Terkait Konservasi Kawasan,12,Kegiatan,jumlah,
R1-05,SPTN Wilayah I Kore,R1/SPTNI/T41,Resor Piong,Penyuluhan dan Pemberdayaan Masyarakat,Pendampingan Kelompok Binaan,4,Kegiatan,jumlah,
R1-06,SPTN Wilayah I Kore,R1/SPTNI/T41,Resor Piong,Penyuluhan dan Pemberdayaan Masyarakat,Identifikasi Kearifan Lokal,2,Kegiatan,jumlah,
R1-07,SPTN Wilayah I Kore,R1/SPTNI/T41,Resor Piong,Penyuluhan dan Pemberdayaan Masyarakat,Tambora Goes to School (TGS),4,Kegiatan,jumlah,
R1-08,SPTN Wilayah I Kore,R1/SPTNI/T41,Resor Piong,Keanekaragaman Hayati dan Ekosistem,Inventarisasi dan Identifikasi Keanekaragaman Hayati,12,Kegiatan,jumlah,
R1-09,SPTN Wilayah I Kore,R1/SPTNI/T41,Resor Piong,Keanekaragaman Hayati dan Ekosistem,Monitoring Satwa Kunci Elang Flores,6,Kegiatan,jumlah,
R1-10,SPTN Wilayah I Kore,R1/SPTNI/T41,Resor Piong,Umum/ Pelayanan Publik (Wisata),Penataan Jalur Pendakian,1,Kegiatan,jumlah,
R1-11,SPTN Wilayah I Kore,R1/SPTNI/T41,Resor Piong,Umum/ Pelayanan Publik (Wisata),Penanganan Sampah Jalur Pendakian,1,Kegiatan,jumlah,
R1-12,SPTN Wilayah I Kore,R1/SPTNI/T41,Resor Piong,Umum/ Pelayanan Publik (Wisata),Pengecekan Shelter Emergency,1,Kegiatan,jumlah,
R1-13,SPTN Wilayah I Kore,R1/SPTNI/T41,Resor Piong,Umum/ Pelayanan Publik (Wisata),Pengecekan Sarpras Pendakian,1,Kegiatan,jumlah,
R1-14,SPTN Wilayah I Kore,R1/SPTNI/T41,Resor Piong,Umum/ Pelayanan Publik (Wisata),Penjagaan Pos Pendakian,12,Kegiatan,jumlah,
R2-01,SPTN Wilayah I Kore,R2/SPTNI/T41,Resor Oi Katupa,Perlindungan dan Pengamanan Kawasan,SMART Patrol Rawan TIPIHUT,2,Kegiatan,jumlah,
R2-02,SPTN Wilayah I Kore,R2/SPTNI/T41,Resor Oi Katupa,Perlindungan dan Pengamanan Kawasan,SMART Patrol Karhutla,6,Kegiatan,jumlah,
R2-03,SPTN Wilayah I Kore,R2/SPTNI/T41,Resor Oi Katupa,Penyuluhan dan Pemberdayaan Masyarakat,Pendampingan Kelompok Binaan,2,Kegiatan,jumlah,
R2-04,SPTN Wilayah I Kore,R2/SPTNI/T41,Resor Oi Katupa,Penyuluhan dan Pemberdayaan Masyarakat,Monitoring dan Evaluasi Kelompok Binaan,4,Kegiatan,jumlah,
R2-05,SPTN Wilayah I Kore,R2/SPTNI/T41,Resor Oi Katupa,Penyuluhan dan Pemberdayaan Masyarakat,Sosialisasi dan Anjangsana Terkait Konservasi Kawasan,12,Kegiatan,jumlah,
R2-06,SPTN Wilayah I Kore,R2/SPTNI/T41,Resor Oi Katupa,Penyuluhan dan Pemberdayaan Masyarakat,Tambora Goes to School (TGS),6,Kegiatan,jumlah,
R2-07,SPTN Wilayah I Kore,R2/SPTNI/T41,Resor Oi Katupa,Keanekaragaman Hayati dan Ekosistem,Monitoring dan Unduh Data Kamera Jebak,12,Kegiatan,jumlah,
R2-08,SPTN Wilayah I Kore,R2/SPTNI/T41,Resor Oi Katupa,Keanekaragaman Hayati dan Ekosistem,Monitoring Satwa Kunci Elang Flores,4,Kegiatan,jumlah,
R2-09,SPTN Wilayah I Kore,R2/SPTNI/T41,Resor Oi Katupa,Keanekaragaman Hayati dan Ekosistem,Inventarisasi dan Identifikasi Keanekaragaman Hayati,6,Kegiatan,jumlah,
R2-10,SPTN Wilayah I Kore,R2/SPTNI/T41,Resor Oi Katupa,Umum/ Pelayanan Publik (Wisata),Monitoring Pemulihan Ekosistem Tahun 2023,1,Kegiatan,jumlah,
R2-11,SPTN Wilayah I Kore,R2/SPTNI/T41,Resor Oi Katupa,Umum/ Pelayanan Publik (Wisata),Pengelolaan/ Pemeliharaan Sarana Prasarana Resor,1,Kegiatan,jumlah,
R2-12,SPTN Wilayah I Kore,R2/SPTNI/T41,Resor Oi Katupa,Umum/ Pelayanan Publik (Wisata),Fasilitasi Izin Pemanfaatan Air,1,Dokumen,jumlah,
R3-01,SPTN Wilayah I Kore,R3/SPTNI/T41,Resor Kawinda Toi,Perlindungan dan Pengamanan Kawasan,Patroli Pencegahan Perambahan Kawasan,24,Kegiatan,jumlah,
R3-02,SPTN Wilayah I Kore,R3/SPTNI/T41,Resor Kawinda Toi,Perlindungan dan Pengamanan Kawasan,"Pengendalian Kebakaran Hutan melalui Patroli, Pemadaman, dan Sosialisasi",26,Kegiatan,jumlah,
R3-03,SPTN Wilayah I Kore,R3/SPTNI/T41,Resor Kawinda Toi,Perlindungan dan Pengamanan Kawasan,SMART Patrol RBM,12,Kegiatan,jumlah,
R3-04,SPTN Wilayah I Kore,R3/SPTNI/T41,Resor Kawinda Toi,Penyuluhan dan Pemberdayaan Masyarakat,Sosialisasi dan Anjangsana Terkait Konservasi Kawasan,30,Kegiatan,jumlah,
R3-05,SPTN Wilayah I Kore,R3/SPTNI/T41,Resor Kawinda Toi,Penyuluhan dan Pemberdayaan Masyarakat,Monitoring dan Evaluasi Kelompok Binaan,12,Kegiatan,jumlah,
R3-06,SPTN Wilayah I Kore,R3/SPTNI/T41,Resor Kawinda Toi,Penyuluhan dan Pemberdayaan Masyarakat,Penguatan Usaha Ekonomi Produktif Kelompok Binaan,1,Kelompok,jumlah,
R3-07,SPTN Wilayah I Kore,R3/SPTNI/T41,Resor Kawinda Toi,Penyuluhan dan Pemberdayaan Masyarakat,Sekolah Alam Dalam Rangka Edukasi Usia Dini,5,Kegiatan,jumlah,
R3-08,SPTN Wilayah I Kore,R3/SPTNI/T41,Resor Kawinda Toi,Penyuluhan dan Pemberdayaan Masyarakat,Penguatan Data HHBK Madu Mendukung NTE,1,Kegiatan,jumlah,
R3-09,SPTN Wilayah I Kore,R3/SPTNI/T41,Resor Kawinda Toi,Penyuluhan dan Pemberdayaan Masyarakat,Fasilitasi Kemitraan Konservasi dan Identifikasi Kelompok Kemitraan Konservasi,1,Kelompok,jumlah,
R3-10,SPTN Wilayah I Kore,R3/SPTNI/T41,Resor Kawinda Toi,Penyuluhan dan Pemberdayaan Masyarakat,Publikasi dan Promosi Wisata Alam Melalui Media Sosial,120,Publikasi Media Sosial,jumlah,
R3-11,SPTN Wilayah I Kore,R3/SPTNI/T41,Resor Kawinda Toi,Penyuluhan dan Pemberdayaan Masyarakat,Pendampingan dan Pembinaan Pemandu/ Porter,48,Kegiatan,jumlah,
R3-12,SPTN Wilayah I Kore,R3/SPTNI/T41,Resor Kawinda Toi,Penyuluhan dan Pemberdayaan Masyarakat,Partisipasi Kegiatan Pramuka Saka Wanabhakti,6,Kegiatan,jumlah,
R3-13,SPTN Wilayah I Kore,R3/SPTNI/T41,Resor Kawinda Toi,Penyuluhan dan Pemberdayaan Masyarakat,Fasilitasi Apresiasi Wana Lestari (MMP/MPA),1,Kegiatan,jumlah,
R3-14,SPTN Wilayah I Kore,R3/SPTNI/T41,Resor Kawinda Toi,Penyuluhan dan Pemberdayaan Masyarakat,Identifikasi Potensi Desa Dalam Rangka Pemberdayaan Masyarakat,1,Kegiatan,jumlah,
R3-15,SPTN Wilayah I Kore,R3/SPTNI/T41,Resor Kawinda Toi,Keanekaragaman Hayati dan Ekosistem,Monitoring Satwa Kunci Elang Flores dan Rusa Timor,12,Kegiatan,jumlah,
R3-16,SPTN Wilayah I Kore,R3/SPTNI/T41,Resor Kawinda Toi,Keanekaragaman Hayati dan Ekosistem,Penguatan Data Potensi Tumbuhan dan Satwa,1,Kegiatan,jumlah,
R3-17,SPTN Wilayah I Kore,R3/SPTNI/T41,Resor Kawinda Toi,Keanekaragaman Hayati dan Ekosistem,Labeling Tumbuhan Untuk Edukasi,1,Lokasi,jumlah,
R3-18,SPTN Wilayah I Kore,R3/SPTNI/T41,Resor Kawinda Toi,Keanekaragaman Hayati dan Ekosistem,Identifikasi Potensi Pemanfaatan Tumbuhan Obat,1,Kegiatan,jumlah,
R3-19,SPTN Wilayah I Kore,R3/SPTNI/T41,Resor Kawinda Toi,Keanekaragaman Hayati dan Ekosistem,Pengembangan Populasi Tumbuhan Penting Melalui Persemaian,1,Kegiatan,jumlah,
R3-20,SPTN Wilayah I Kore,R3/SPTNI/T41,Resor Kawinda Toi,Keanekaragaman Hayati dan Ekosistem,Studi Habitat Cicak Jari Lengkung,1,Kegiatan,jumlah,
R3-21,SPTN Wilayah I Kore,R3/SPTNI/T41,Resor Kawinda Toi,Umum/ Pelayanan Publik (Wisata),Fasilitasi Izin Pemanfaatan Air,2,Dokumen,jumlah,
R3-22,SPTN Wilayah I Kore,R3/SPTNI/T41,Resor Kawinda Toi,Umum/ Pelayanan Publik (Wisata),Pelayanan Pengunjung Wisata Oi Marai dan Pendakian,12,Bulan,bulan,
R3-23,SPTN Wilayah I Kore,R3/SPTNI/T41,Resor Kawinda Toi,Umum/ Pelayanan Publik (Wisata),Pengelolaan/ Pemeliharaan Sarana Prasarana Resor,7,Kegiatan,jumlah,
R4-01,SPTN Wilayah II Pekat,R4/SPTNII/T41,Resor Doroncaga,Perlindungan dan Pengamanan Kawasan,SMART Patrol Rawan TIPIHUT,15,Kegiatan,jumlah,
R4-02,SPTN Wilayah II Pekat,R4/SPTNII/T41,Resor Doroncaga,Perlindungan dan Pengamanan Kawasan,SMART Patrol Karhutla,15,Kegiatan,jumlah,
R4-03,SPTN Wilayah II Pekat,R4/SPTNII/T41,Resor Doroncaga,Perlindungan dan Pengamanan Kawasan,Pemasangan Papan Himbauan TIPIHUT,10,Unit,jumlah,
R4-04,SPTN Wilayah II Pekat,R4/SPTNII/T41,Resor Doroncaga,Perlindungan dan Pengamanan Kawasan,Pemasangan Papan Himbauan Karhutla,15,Unit,jumlah,
R4-05,SPTN Wilayah II Pekat,R4/SPTNII/T41,Resor Doroncaga,Perlindungan dan Pengamanan Kawasan,Pemasangan Papan Informasi Batas Kawasan,10,Unit,jumlah,
R4-06,SPTN Wilayah II Pekat,R4/SPTNII/T41,Resor Doroncaga,Penyuluhan dan Pemberdayaan Masyarakat,Sosialisasi dan Anjangsana Terkait Konservasi Kawasan,4,Kegiatan,jumlah,
R4-07,SPTN Wilayah II Pekat,R4/SPTNII/T41,Resor Doroncaga,Penyuluhan dan Pemberdayaan Masyarakat,Pendampingan Kelompok Binaan,3,Kegiatan,jumlah,
R4-08,SPTN Wilayah II Pekat,R4/SPTNII/T41,Resor Doroncaga,Penyuluhan dan Pemberdayaan Masyarakat,Monitoring dan Evaluasi Kelompok Binaan,2,Kegiatan,jumlah,
R4-09,SPTN Wilayah II Pekat,R4/SPTNII/T41,Resor Doroncaga,Penyuluhan dan Pemberdayaan Masyarakat,Bina Cinta Alam dan Kemah Bakti,1,Kegiatan,jumlah,
R4-10,SPTN Wilayah II Pekat,R4/SPTNII/T41,Resor Doroncaga,Penyuluhan dan Pemberdayaan Masyarakat,Tambora Goes to School (TGS),3,Kegiatan,jumlah,
R4-11,SPTN Wilayah II Pekat,R4/SPTNII/T41,Resor Doroncaga,Penyuluhan dan Pemberdayaan Masyarakat,Peningkatan Kapasitas Kelembagaan dan Identifikasi Kebutuhan Kelompok DC Offroad,1,Kegiatan,jumlah,
R4-12,SPTN Wilayah II Pekat,R4/SPTNII/T41,Resor Doroncaga,Penyuluhan dan Pemberdayaan Masyarakat,Bantuan Usaha Modal Kelompok DC Offroad,1,Kegiatan,jumlah,
R4-13,SPTN Wilayah II Pekat,R4/SPTNII/T41,Resor Doroncaga,Penyuluhan dan Pemberdayaan Masyarakat,Promosi Wisata Doroncanga,1,Kegiatan,jumlah,
R4-14,SPTN Wilayah II Pekat,R4/SPTNII/T41,Resor Doroncaga,Penyuluhan dan Pemberdayaan Masyarakat,Pembentukan Kelompok Binaan,1,Kelompok,jumlah,
R4-15,SPTN Wilayah II Pekat,R4/SPTNII/T41,Resor Doroncaga,Keanekaragaman Hayati dan Ekosistem,Monitoring Satwa Kunci Elang Flores,8,Kegiatan,jumlah,
R4-16,SPTN Wilayah II Pekat,R4/SPTNII/T41,Resor Doroncaga,Keanekaragaman Hayati dan Ekosistem,Monitoring dan Unduh Data Kamera Jebak,6,Kegiatan,jumlah,
R4-17,SPTN Wilayah II Pekat,R4/SPTNII/T41,Resor Doroncaga,Keanekaragaman Hayati dan Ekosistem,Inventarisasi dan Identifikasi Keanekaragaman Hayati,12,Kegiatan,jumlah,
R4-18,SPTN Wilayah II Pekat,R4/SPTNII/T41,Resor Doroncaga,Keanekaragaman Hayati dan Ekosistem,Penanganan Rusa Timor Unit Sanctuary Rusa,12,Bulan,bulan,
R4-19,SPTN Wilayah II Pekat,R4/SPTNII/T41,Resor Doroncaga,Umum/ Pelayanan Publik (Wisata),Penataan Jalur Pendakian,4,Kegiatan,jumlah,
R4-20,SPTN Wilayah II Pekat,R4/SPTNII/T41,Resor Doroncaga,Umum/ Pelayanan Publik (Wisata),Penanganan Sampah Jalur Pendakian,4,Kegiatan,jumlah,
R4-21,SPTN Wilayah II Pekat,R4/SPTNII/T41,Resor Doroncaga,Umum/ Pelayanan Publik (Wisata),Pembuatan Bak Sampah Anorganik dan Komposter Sampah Organik,1,Kegiatan,jumlah,
R4-22,SPTN Wilayah II Pekat,R4/SPTNII/T41,Resor Doroncaga,Umum/ Pelayanan Publik (Wisata),Pembentukan Tim Rescue TN Tambora,1,Kegiatan,jumlah,
R5-01,SPTN Wilayah II Pekat,R5/SPTNII/T41,Resor Doropeti,Perlindungan dan Pengamanan Kawasan,SMART Patrol Rawan TIPIHUT,22,Kegiatan,jumlah,
R5-02,SPTN Wilayah II Pekat,R5/SPTNII/T41,Resor Doropeti,Perlindungan dan Pengamanan Kawasan,SMART Patrol Gabungan,10,Kegiatan,jumlah,
R5-03,SPTN Wilayah II Pekat,R5/SPTNII/T41,Resor Doropeti,Perlindungan dan Pengamanan Kawasan,SMART Patrol Karhutla,6,Kegiatan,jumlah,
R5-04,SPTN Wilayah II Pekat,R5/SPTNII/T41,Resor Doropeti,Perlindungan dan Pengamanan Kawasan,Identifikasi Gangguan Karhutla dan Potensi Kawasan,1,Kegiatan,jumlah,
R5-05,SPTN Wilayah II Pekat,R5/SPTNII/T41,Resor Doropeti,Perlindungan dan Pengamanan Kawasan,Pembuatan dan Pemasangan Papan Informasi,1,Kegiatan,jumlah,
R5-06,SPTN Wilayah II Pekat,R5/SPTNII/T41,Resor Doropeti,Penyuluhan dan Pemberdayaan Masyarakat,Pendampingan Kelompok Binaan,2,Kegiatan,jumlah,
R5-07,SPTN Wilayah II Pekat,R5/SPTNII/T41,Resor Doropeti,Penyuluhan dan Pemberdayaan Masyarakat,Identifikasi Potensi Desa Binaan,1,Kegiatan,jumlah,
R5-08,SPTN Wilayah II Pekat,R5/SPTNII/T41,Resor Doropeti,Penyuluhan dan Pemberdayaan Masyarakat,Pendampingan Pembuatan Demplot Agrowisata,6,Kegiatan,jumlah,
R5-09,SPTN Wilayah II Pekat,R5/SPTNII/T41,Resor Doropeti,Penyuluhan dan Pemberdayaan Masyarakat,Sosialisasi dan Anjangsana Terkait Konservasi Kawasan,12,Kegiatan,jumlah,
R5-10,SPTN Wilayah II Pekat,R5/SPTNII/T41,Resor Doropeti,Keanekaragaman Hayati dan Ekosistem,Monitoring Satwa Kunci Elang Flores,11,Kegiatan,jumlah,
R5-11,SPTN Wilayah II Pekat,R5/SPTNII/T41,Resor Doropeti,Keanekaragaman Hayati dan Ekosistem,SMART Patrol Data Kehati,6,Kegiatan,jumlah,
R5-12,SPTN Wilayah II Pekat,R5/SPTNII/T41,Resor Doropeti,Keanekaragaman Hayati dan Ekosistem,Monitoring dan Unduh Data Kamera Jebak,1,Kegiatan,jumlah,
R5-13,SPTN Wilayah II Pekat,R5/SPTNII/T41,Resor Doropeti,Keanekaragaman Hayati dan Ekosistem,Survey Lokasi Pemasangan Kamera Jebak,1,Kegiatan,jumlah,
R5-14,SPTN Wilayah II Pekat,R5/SPTNII/T41,Resor Doropeti,Keanekaragaman Hayati dan Ekosistem,Monitoring Satwa Kunci Rusa Timor,1,Kegiatan,jumlah,
R5-15,SPTN Wilayah II Pekat,R5/SPTNII/T41,Resor Doropeti,Keanekaragaman Hayati dan Ekosistem,Pembuatan Demplot Angrek,1,Kegiatan,jumlah,
R5-16,SPTN Wilayah II Pekat,R5/SPTNII/T41,Resor Doropeti,Umum/ Pelayanan Publik (Wisata),Penyusunan Bahan Kajian Resor,1,Kegiatan,jumlah,
R5-17,SPTN Wilayah II Pekat,R5/SPTNII/T41,Resor Doropeti,Umum/ Pelayanan Publik (Wisata),Pengelolaan/ Pemeliharaan Sarana Prasarana Resor,1,Kegiatan,jumlah,
R6-01,SPTN Wilayah II Pekat,R6/SPTNII/T41,Resor Pancasila,Perlindungan dan Pengamanan Kawasan,SMART Patrol,10,Kegiatan,jumlah,
R6-02,SPTN Wilayah II Pekat,R6/SPTNII/T41,Resor Pancasila,Penyuluhan dan Pemberdayaan Masyarakat,Sosialisasi dan Anjangsana Terkait Konservasi Kawasan,24,Kegiatan,jumlah,
R6-03,SPTN Wilayah II Pekat,R6/SPTNII/T41,Resor Pancasila,Penyuluhan dan Pemberdayaan Masyarakat,Tambora Goes to School (TGS),11,Kegiatan,jumlah,
R6-04,SPTN Wilayah II Pekat,R6/SPTNII/T41,Resor Pancasila,Penyuluhan dan Pemberdayaan Masyarakat,Pendampingan Kelompok Binaan,12,Kegiatan,jumlah,
R6-05,SPTN Wilayah II Pekat,R6/SPTNII/T41,Resor Pancasila,Penyuluhan dan Pemberdayaan Masyarakat,Pembentukan Kelompok Binaan,1,Kelompok,jumlah,
R6-06,SPTN Wilayah II Pekat,R6/SPTNII/T41,Resor Pancasila,Penyuluhan dan Pemberdayaan Masyarakat,Pemberian Bantuan Produktif Kepada Kelompok Baru,1,Kelompok,jumlah,
R6-07,SPTN Wilayah II Pekat,R6/SPTNII/T41,Resor Pancasila,Keanekaragaman Hayati dan Ekosistem,Monitoring Keanekaragaman Hayati,24,Kegiatan,jumlah,
R6-08,SPTN Wilayah II Pekat,R6/SPTNII/T41,Resor Pancasila,Keanekaragaman Hayati dan Ekosistem,Herbarium,1,Kegiatan,jumlah,
R6-09,SPTN Wilayah II Pekat,R6/SPTNII/T41,Resor Pancasila,Keanekaragaman Hayati dan Ekosistem,Insectarium,3,Spesimen,jumlah,
R6-10,SPTN Wilayah II Pekat,R6/SPTNII/T41,Resor Pancasila,Umum/ Pelayanan Publik (Wisata),Penjagaan Pos Merah Putih,12,Bulan,bulan,
R6-11,SPTN Wilayah II Pekat,R6/SPTNII/T41,Resor Pancasila,Umum/ Pelayanan Publik (Wisata),Penggunaan Qris Bagi Pengunjung,100,Persen,persen,dalam Setahun
R6-12,SPTN Wilayah II Pekat,R6/SPTNII/T41,Resor Pancasila,Umum/ Pelayanan Publik (Wisata),SPK Pembuatan Surat Keterangan Kesehatan bagi Pengunjung Pendakian dengan Puskesmas/ Puskesdes,1,Kegiatan,jumlah,
